Event,Time,Cell,Notes
Duplicate,8.092125485540508,0cb210c0-e2f3-11ed-0c0f-75c97d4d341e,"Base.UUID[UUID(""05c5c1d0-e2f3-11ed-30b6-dd0b5b4e3b3c"")]"
Duplicate,8.092125485540508,0cb210c0-e2f3-11ed-3c7b-11e538a36352,"Base.UUID[UUID(""05c5c1d0-e2f3-11ed-30b6-dd0b5b4e3b3c"")]"
Duplicate,8.772803346210578,0dc77860-e2f3-11ed-0f39-875d45e90207,"Base.UUID[UUID(""0cb210c0-e2f3-11ed-0c0f-75c97d4d341e"")]"
Duplicate,8.772803346210578,0dc77860-e2f3-11ed-3aaa-e36831c25c08,"Base.UUID[UUID(""0cb210c0-e2f3-11ed-0c0f-75c97d4d341e"")]"
Duplicate,9.06805084898893,0dc79f70-e2f3-11ed-0d77-19f1bff29635,"Base.UUID[UUID(""0cb210c0-e2f3-11ed-3c7b-11e538a36352"")]"
Duplicate,9.06805084898893,0dc79f70-e2f3-11ed-2c4c-eb53485d10fa,"Base.UUID[UUID(""0cb210c0-e2f3-11ed-3c7b-11e538a36352"")]"
Death,12.383324780769328,0dc77860-e2f3-11ed-0f39-875d45e90207,UndefInitializer()
Duplicate,13.603694457545874,0eaf6760-e2f3-11ed-2f84-c156cc6eb3f3,"Base.UUID[UUID(""0dc77860-e2f3-11ed-3aaa-e36831c25c08"")]"
Duplicate,13.603694457545874,0eaf6760-e2f3-11ed-027f-1dff3f4e269a,"Base.UUID[UUID(""0dc77860-e2f3-11ed-3aaa-e36831c25c08"")]"
Death,16.404943100254528,0dc79f70-e2f3-11ed-0d77-19f1bff29635,UndefInitializer()
Duplicate,18.77756642912264,0eaf8e70-e2f3-11ed-39d9-a5984eef1140,"Base.UUID[UUID(""0dc79f70-e2f3-11ed-2c4c-eb53485d10fa"")]"
Duplicate,18.77756642912264,0eaf8e70-e2f3-11ed-2ff1-c3c3d1cebf39,"Base.UUID[UUID(""0dc79f70-e2f3-11ed-2c4c-eb53485d10fa"")]"
Duplicate,30.5067824826346,0eafb580-e2f3-11ed-0984-f1c89aa09113,"Base.UUID[UUID(""0eaf6760-e2f3-11ed-2f84-c156cc6eb3f3"")]"
Duplicate,30.5067824826346,0eafb580-e2f3-11ed-350a-c391455b6430,"Base.UUID[UUID(""0eaf6760-e2f3-11ed-2f84-c156cc6eb3f3"")]"
Duplicate,31.68296016812518,0eafb580-e2f3-11ed-33f9-3177f48e999f,"Base.UUID[UUID(""0eafb580-e2f3-11ed-0984-f1c89aa09113"")]"
Duplicate,31.68296016812518,0eafb580-e2f3-11ed-38e9-530db73559ea,"Base.UUID[UUID(""0eafb580-e2f3-11ed-0984-f1c89aa09113"")]"
Duplicate,34.132945041307146,0eafdc92-e2f3-11ed-3265-67c230e68b49,"Base.UUID[UUID(""0eafb580-e2f3-11ed-33f9-3177f48e999f"")]"
Duplicate,34.132945041307146,0eafdc92-e2f3-11ed-300e-73cc31b8a9c4,"Base.UUID[UUID(""0eafb580-e2f3-11ed-33f9-3177f48e999f"")]"
Death,42.03503337866173,0eafb580-e2f3-11ed-38e9-530db73559ea,UndefInitializer()
Duplicate,44.16549926532093,0eb003a0-e2f3-11ed-33de-eb7060625dda,"Base.UUID[UUID(""0eaf8e70-e2f3-11ed-2ff1-c3c3d1cebf39"")]"
Duplicate,44.16549926532093,0eb003a0-e2f3-11ed-3840-dbb8dd0e6474,"Base.UUID[UUID(""0eaf8e70-e2f3-11ed-2ff1-c3c3d1cebf39"")]"
Death,44.805408106821254,0eb003a0-e2f3-11ed-33de-eb7060625dda,UndefInitializer()
Death,47.56401574265994,0eb003a0-e2f3-11ed-3840-dbb8dd0e6474,UndefInitializer()
Duplicate,47.88565711935991,0eb003a0-e2f3-11ed-3d59-8566c6dd2ed7,"Base.UUID[UUID(""0eaf8e70-e2f3-11ed-39d9-a5984eef1140"")]"
Duplicate,47.88565711935991,0eb003a0-e2f3-11ed-0240-cdd8a0ecc93f,"Base.UUID[UUID(""0eaf8e70-e2f3-11ed-39d9-a5984eef1140"")]"
Death,50.0,0eafdc92-e2f3-11ed-300e-73cc31b8a9c4,UndefInitializer()
Death,50.0,0eaf6760-e2f3-11ed-027f-1dff3f4e269a,UndefInitializer()
Death,50.0,0eafdc92-e2f3-11ed-3265-67c230e68b49,UndefInitializer()
Death,50.0,0eb003a0-e2f3-11ed-3d59-8566c6dd2ed7,UndefInitializer()
Death,52.35563983518826,0eb003a0-e2f3-11ed-0240-cdd8a0ecc93f,UndefInitializer()
Duplicate,61.02689831109915,0ed39130-e2f3-11ed-3fc5-cb31bd14fe67,"Base.UUID[UUID(""0eafb580-e2f3-11ed-350a-c391455b6430"")]"
Duplicate,61.02689831109915,0ed39130-e2f3-11ed-230d-9de410903359,"Base.UUID[UUID(""0eafb580-e2f3-11ed-350a-c391455b6430"")]"
Duplicate,61.25843073805118,0ed39130-e2f3-11ed-22b5-dbe2fba46d30,"Base.UUID[UUID(""0ed39130-e2f3-11ed-230d-9de410903359"")]"
Duplicate,61.25843073805118,0ed39130-e2f3-11ed-1eda-eb8fc2ee71bb,"Base.UUID[UUID(""0ed39130-e2f3-11ed-230d-9de410903359"")]"
Duplicate,71.75746789844155,0ed3b840-e2f3-11ed-0b79-d58accc6ec3e,"Base.UUID[UUID(""0ed39130-e2f3-11ed-22b5-dbe2fba46d30"")]"
Duplicate,71.75746789844155,0ed3b840-e2f3-11ed-3433-c7581578f966,"Base.UUID[UUID(""0ed39130-e2f3-11ed-22b5-dbe2fba46d30"")]"
Death,72.17989960788294,0ed3b840-e2f3-11ed-0b79-d58accc6ec3e,UndefInitializer()
Duplicate,75.30228854017075,0ed3b840-e2f3-11ed-2897-d7e1b6e8e05e,"Base.UUID[UUID(""0ed39130-e2f3-11ed-3fc5-cb31bd14fe67"")]"
Duplicate,75.30228854017075,0ed3b840-e2f3-11ed-3852-3f92cab1284f,"Base.UUID[UUID(""0ed39130-e2f3-11ed-3fc5-cb31bd14fe67"")]"
Death,101.69978751913354,0ed3b840-e2f3-11ed-2897-d7e1b6e8e05e,UndefInitializer()
Duplicate,103.66181759094353,0ed3df50-e2f3-11ed-0961-13c5df4a9c49,"Base.UUID[UUID(""0ed3b840-e2f3-11ed-3852-3f92cab1284f"")]"
Duplicate,103.66181759094353,0ed3df50-e2f3-11ed-2211-e360c6a1a1b0,"Base.UUID[UUID(""0ed3b840-e2f3-11ed-3852-3f92cab1284f"")]"
Duplicate,107.64212315286096,0ed3df50-e2f3-11ed-08dc-a71d423a1929,"Base.UUID[UUID(""0ed3df50-e2f3-11ed-0961-13c5df4a9c49"")]"
Duplicate,107.64212315286096,0ed3df50-e2f3-11ed-0543-112f52b8263d,"Base.UUID[UUID(""0ed3df50-e2f3-11ed-0961-13c5df4a9c49"")]"
Duplicate,107.98547795377993,0ed40660-e2f3-11ed-17d5-736721583cdd,"Base.UUID[UUID(""0ed3df50-e2f3-11ed-0543-112f52b8263d"")]"
Duplicate,107.98547795377993,0ed40660-e2f3-11ed-38c7-7157d8d17afb,"Base.UUID[UUID(""0ed3df50-e2f3-11ed-0543-112f52b8263d"")]"
Duplicate,109.342337590427,0ed40660-e2f3-11ed-3857-ab0aa86649fc,"Base.UUID[UUID(""0ed40660-e2f3-11ed-38c7-7157d8d17afb"")]"
Duplicate,109.342337590427,0ed40660-e2f3-11ed-384f-230eef6f34b2,"Base.UUID[UUID(""0ed40660-e2f3-11ed-38c7-7157d8d17afb"")]"
Duplicate,114.1831668836253,0ed40660-e2f3-11ed-170a-b16f2d53d880,"Base.UUID[UUID(""0ed40660-e2f3-11ed-3857-ab0aa86649fc"")]"
Duplicate,114.1831668836253,0ed40660-e2f3-11ed-3baf-77a8b07d657c,"Base.UUID[UUID(""0ed40660-e2f3-11ed-3857-ab0aa86649fc"")]"
Duplicate,114.3510145017175,0ed42d70-e2f3-11ed-114e-8fd9c447ef6a,"Base.UUID[UUID(""0ed40660-e2f3-11ed-384f-230eef6f34b2"")]"
Duplicate,114.3510145017175,0ed42d70-e2f3-11ed-1189-b5fc21eb8297,"Base.UUID[UUID(""0ed40660-e2f3-11ed-384f-230eef6f34b2"")]"
Death,119.70243650840511,0ed40660-e2f3-11ed-17d5-736721583cdd,UndefInitializer()
Duplicate,121.10995000992361,0ed42d70-e2f3-11ed-20fb-1503a23cc3af,"Base.UUID[UUID(""0ed42d70-e2f3-11ed-114e-8fd9c447ef6a"")]"
Duplicate,121.10995000992361,0ed42d70-e2f3-11ed-0fa4-9b615c3a322c,"Base.UUID[UUID(""0ed42d70-e2f3-11ed-114e-8fd9c447ef6a"")]"
Death,121.41062944510352,0ed42d70-e2f3-11ed-0fa4-9b615c3a322c,UndefInitializer()
Duplicate,125.81844930534176,0ed45480-e2f3-11ed-3951-0d29c4d04d47,"Base.UUID[UUID(""0ed42d70-e2f3-11ed-20fb-1503a23cc3af"")]"
Duplicate,125.81844930534176,0ed45480-e2f3-11ed-05ff-67c64a2c0287,"Base.UUID[UUID(""0ed42d70-e2f3-11ed-20fb-1503a23cc3af"")]"
Death,129.19171285578062,0ed40660-e2f3-11ed-170a-b16f2d53d880,UndefInitializer()
Duplicate,129.84074261481095,0ed45480-e2f3-11ed-3d73-c5dd53726fbb,"Base.UUID[UUID(""0ed40660-e2f3-11ed-3baf-77a8b07d657c"")]"
Duplicate,129.84074261481095,0ed45480-e2f3-11ed-0459-97a7b4769c06,"Base.UUID[UUID(""0ed40660-e2f3-11ed-3baf-77a8b07d657c"")]"
Death,134.19864672074704,0ed3df50-e2f3-11ed-08dc-a71d423a1929,UndefInitializer()
Duplicate,134.59963093898617,0ed47b92-e2f3-11ed-3ee4-71310cdc48e8,"Base.UUID[UUID(""0ed3b840-e2f3-11ed-3433-c7581578f966"")]"
Duplicate,134.59963093898617,0ed47b92-e2f3-11ed-1d5e-d3fe255385ec,"Base.UUID[UUID(""0ed3b840-e2f3-11ed-3433-c7581578f966"")]"
Duplicate,134.69412291956954,0ed47b92-e2f3-11ed-1e16-4de6b06735b7,"Base.UUID[UUID(""0ed45480-e2f3-11ed-0459-97a7b4769c06"")]"
Duplicate,134.69412291956954,0ed47b92-e2f3-11ed-2201-4f1af1667e2e,"Base.UUID[UUID(""0ed45480-e2f3-11ed-0459-97a7b4769c06"")]"
Death,139.86904497787535,0ed45480-e2f3-11ed-05ff-67c64a2c0287,UndefInitializer()
Duplicate,142.20654898741853,0ed4a2a0-e2f3-11ed-098d-c3ac6582c57b,"Base.UUID[UUID(""0ed45480-e2f3-11ed-3951-0d29c4d04d47"")]"
Duplicate,142.20654898741853,0ed4a2a0-e2f3-11ed-00ac-1187f9208ff1,"Base.UUID[UUID(""0ed45480-e2f3-11ed-3951-0d29c4d04d47"")]"
Death,145.80437230071064,0ed4a2a0-e2f3-11ed-00ac-1187f9208ff1,UndefInitializer()
Death,148.72766850354216,0ed39130-e2f3-11ed-1eda-eb8fc2ee71bb,UndefInitializer()
Duplicate,155.2672944000094,0ed4f0be-e2f3-11ed-1f5e-9997491a748f,"Base.UUID[UUID(""0ed47b92-e2f3-11ed-1d5e-d3fe255385ec"")]"
Duplicate,155.2672944000094,0ed4f0be-e2f3-11ed-38ac-83643c26fe4e,"Base.UUID[UUID(""0ed47b92-e2f3-11ed-1d5e-d3fe255385ec"")]"
Duplicate,157.86497419001287,0ed4f0be-e2f3-11ed-13e1-1b1abafec367,"Base.UUID[UUID(""0ed4a2a0-e2f3-11ed-098d-c3ac6582c57b"")]"
Duplicate,157.86497419001287,0ed4f0be-e2f3-11ed-016f-6d32d6440970,"Base.UUID[UUID(""0ed4a2a0-e2f3-11ed-098d-c3ac6582c57b"")]"
Death,169.76964844549607,0ed42d70-e2f3-11ed-1189-b5fc21eb8297,UndefInitializer()
Death,172.16667151207633,0ed4f0be-e2f3-11ed-38ac-83643c26fe4e,UndefInitializer()
Death,176.43142778909333,0ed4f0be-e2f3-11ed-016f-6d32d6440970,UndefInitializer()
Migration,177.15130511922672,0ed4f0be-e2f3-11ed-13e1-1b1abafec367,UndefInitializer()
Death,183.26242720065258,0ed45480-e2f3-11ed-3d73-c5dd53726fbb,UndefInitializer()
Duplicate,184.2908239318973,0efc9cfe-e2f3-11ed-3520-2543f6313f4b,"Base.UUID[UUID(""0ed4f0be-e2f3-11ed-1f5e-9997491a748f"")]"
Duplicate,184.2908239318973,0efc9cfe-e2f3-11ed-340e-1b595e55cca0,"Base.UUID[UUID(""0ed4f0be-e2f3-11ed-1f5e-9997491a748f"")]"
Death,184.32241376121576,0ed47b92-e2f3-11ed-3ee4-71310cdc48e8,UndefInitializer()
Duplicate,186.02606477939256,0efc9cfe-e2f3-11ed-098e-91445645bfcd,"Base.UUID[UUID(""0ed47b92-e2f3-11ed-1e16-4de6b06735b7"")]"
Duplicate,186.02606477939256,0efc9cfe-e2f3-11ed-034c-b383f5fdd17c,"Base.UUID[UUID(""0ed47b92-e2f3-11ed-1e16-4de6b06735b7"")]"
Duplicate,187.91569875553827,0efcc410-e2f3-11ed-130e-fd688674a836,"Base.UUID[UUID(""0efc9cfe-e2f3-11ed-034c-b383f5fdd17c"")]"
Duplicate,187.91569875553827,0efcc410-e2f3-11ed-14fb-b3f78ea86525,"Base.UUID[UUID(""0efc9cfe-e2f3-11ed-034c-b383f5fdd17c"")]"
Duplicate,188.45330358996753,0efcc410-e2f3-11ed-34a5-3f579b7d8185,"Base.UUID[UUID(""0efc9cfe-e2f3-11ed-098e-91445645bfcd"")]"
Duplicate,188.45330358996753,0efcc410-e2f3-11ed-0121-85ef9ae12c8f,"Base.UUID[UUID(""0efc9cfe-e2f3-11ed-098e-91445645bfcd"")]"
Death,190.23613402562046,0ed4f0be-e2f3-11ed-13e1-1b1abafec367,UndefInitializer()
Duplicate,190.7828865633477,0efceb20-e2f3-11ed-3d02-6950c0cf3d99,"Base.UUID[UUID(""0efc9cfe-e2f3-11ed-3520-2543f6313f4b"")]"
Duplicate,190.7828865633477,0efceb20-e2f3-11ed-10be-397cade17485,"Base.UUID[UUID(""0efc9cfe-e2f3-11ed-3520-2543f6313f4b"")]"
Duplicate,192.3389116227799,0efceb20-e2f3-11ed-0378-1f8bc17cfc8b,"Base.UUID[UUID(""0efcc410-e2f3-11ed-130e-fd688674a836"")]"
Duplicate,192.3389116227799,0efceb20-e2f3-11ed-1ee8-2f9e711240e0,"Base.UUID[UUID(""0efcc410-e2f3-11ed-130e-fd688674a836"")]"
Death,198.5055496647368,0efcc410-e2f3-11ed-34a5-3f579b7d8185,UndefInitializer()
Duplicate,199.53575862181705,0efd1230-e2f3-11ed-14c0-dfbd4e4ca165,"Base.UUID[UUID(""0efcc410-e2f3-11ed-0121-85ef9ae12c8f"")]"
Duplicate,199.53575862181705,0efd1230-e2f3-11ed-1c7e-8db11711379b,"Base.UUID[UUID(""0efcc410-e2f3-11ed-0121-85ef9ae12c8f"")]"
Death,207.12740989952255,0efceb20-e2f3-11ed-10be-397cade17485,UndefInitializer()
Duplicate,208.16515309514043,0efd3940-e2f3-11ed-1f54-910f795b6e51,"Base.UUID[UUID(""0efceb20-e2f3-11ed-3d02-6950c0cf3d99"")]"
Duplicate,208.16515309514043,0efd3940-e2f3-11ed-3034-71cbd5a13d8e,"Base.UUID[UUID(""0efceb20-e2f3-11ed-3d02-6950c0cf3d99"")]"
Death,240.45920983920453,0efceb20-e2f3-11ed-0378-1f8bc17cfc8b,UndefInitializer()
Duplicate,241.25734087120006,0efdae70-e2f3-11ed-0a13-bfdfdd77ffff,"Base.UUID[UUID(""0efd1230-e2f3-11ed-1c7e-8db11711379b"")]"
Duplicate,241.25734087120006,0efdae70-e2f3-11ed-3803-9f3e9453ca20,"Base.UUID[UUID(""0efd1230-e2f3-11ed-1c7e-8db11711379b"")]"
Death,245.97322283785542,0ed47b92-e2f3-11ed-2201-4f1af1667e2e,UndefInitializer()
Death,249.80988690403942,0efceb20-e2f3-11ed-1ee8-2f9e711240e0,UndefInitializer()
Duplicate,252.29610719576286,0efdd580-e2f3-11ed-319c-955de346152d,"Base.UUID[UUID(""0efdae70-e2f3-11ed-3803-9f3e9453ca20"")]"
Duplicate,252.29610719576286,0efdd580-e2f3-11ed-2fc8-31308f6ffc50,"Base.UUID[UUID(""0efdae70-e2f3-11ed-3803-9f3e9453ca20"")]"
Duplicate,255.8198804054645,0efdfc90-e2f3-11ed-3e8c-73bb838f2f61,"Base.UUID[UUID(""0efdae70-e2f3-11ed-0a13-bfdfdd77ffff"")]"
Duplicate,255.8198804054645,0efdfc90-e2f3-11ed-08f4-73b6320c519b,"Base.UUID[UUID(""0efdae70-e2f3-11ed-0a13-bfdfdd77ffff"")]"
Death,260.11718460499384,0efdd580-e2f3-11ed-2fc8-31308f6ffc50,UndefInitializer()
Death,260.6354048134194,0efdfc90-e2f3-11ed-3e8c-73bb838f2f61,UndefInitializer()
Duplicate,260.95553877239456,0efdfc90-e2f3-11ed-0f76-b72b64978d9c,"Base.UUID[UUID(""0efdd580-e2f3-11ed-319c-955de346152d"")]"
Duplicate,260.95553877239456,0efdfc90-e2f3-11ed-3abc-459121f3d3fe,"Base.UUID[UUID(""0efdd580-e2f3-11ed-319c-955de346152d"")]"
Death,273.2728691837496,0efdfc90-e2f3-11ed-08f4-73b6320c519b,UndefInitializer()
Death,274.7548128920213,0efd3940-e2f3-11ed-1f54-910f795b6e51,UndefInitializer()
Duplicate,276.5830667339026,0efe4ab0-e2f3-11ed-1ef6-89b2cf62351c,"Base.UUID[UUID(""0efdfc90-e2f3-11ed-3abc-459121f3d3fe"")]"
Duplicate,276.5830667339026,0efe4ab0-e2f3-11ed-0245-9b8a048ea8cf,"Base.UUID[UUID(""0efdfc90-e2f3-11ed-3abc-459121f3d3fe"")]"
Duplicate,278.2791633115244,0efe4ab0-e2f3-11ed-0a41-076968506953,"Base.UUID[UUID(""0efd3940-e2f3-11ed-3034-71cbd5a13d8e"")]"
Duplicate,278.2791633115244,0efe4ab0-e2f3-11ed-0587-a5451839eb4e,"Base.UUID[UUID(""0efd3940-e2f3-11ed-3034-71cbd5a13d8e"")]"
Death,288.4174394638618,0efdfc90-e2f3-11ed-0f76-b72b64978d9c,UndefInitializer()
Duplicate,288.9313147024822,0efe71c0-e2f3-11ed-3f68-97492470c6c8,"Base.UUID[UUID(""0efe4ab0-e2f3-11ed-1ef6-89b2cf62351c"")]"
Duplicate,288.9313147024822,0efe71c0-e2f3-11ed-3e91-559822e86ee5,"Base.UUID[UUID(""0efe4ab0-e2f3-11ed-1ef6-89b2cf62351c"")]"
Death,292.7386968893735,0efd1230-e2f3-11ed-14c0-dfbd4e4ca165,UndefInitializer()
Death,295.99599443855,0efe71c0-e2f3-11ed-3f68-97492470c6c8,UndefInitializer()
Duplicate,301.79608585431936,0efe98ce-e2f3-11ed-0eeb-4547f7279303,"Base.UUID[UUID(""0efe4ab0-e2f3-11ed-0245-9b8a048ea8cf"")]"
Duplicate,301.79608585431936,0efe98ce-e2f3-11ed-0203-6376864d5495,"Base.UUID[UUID(""0efe4ab0-e2f3-11ed-0245-9b8a048ea8cf"")]"
Duplicate,304.4138556440348,0efebfe0-e2f3-11ed-333a-4d37510a8bea,"Base.UUID[UUID(""0efe98ce-e2f3-11ed-0203-6376864d5495"")]"
Duplicate,304.4138556440348,0efebfe0-e2f3-11ed-0b82-d52620818061,"Base.UUID[UUID(""0efe98ce-e2f3-11ed-0203-6376864d5495"")]"
Duplicate,312.0496505580677,0efebfe0-e2f3-11ed-1a38-9dfd8675484f,"Base.UUID[UUID(""0efe71c0-e2f3-11ed-3e91-559822e86ee5"")]"
Duplicate,312.0496505580677,0efebfe0-e2f3-11ed-1b19-21f4913abaa8,"Base.UUID[UUID(""0efe71c0-e2f3-11ed-3e91-559822e86ee5"")]"
Death,316.9530152171493,0efebfe0-e2f3-11ed-0b82-d52620818061,UndefInitializer()
Death,321.97872803127666,0efebfe0-e2f3-11ed-1b19-21f4913abaa8,UndefInitializer()
Death,322.49150863175146,0efebfe0-e2f3-11ed-1a38-9dfd8675484f,UndefInitializer()
Death,322.9819663471114,0efc9cfe-e2f3-11ed-340e-1b595e55cca0,UndefInitializer()
Death,324.13328488657964,0efe98ce-e2f3-11ed-0eeb-4547f7279303,UndefInitializer()
Duplicate,325.87823237260716,0eff0e00-e2f3-11ed-0965-15a2b61e989e,"Base.UUID[UUID(""0efcc410-e2f3-11ed-14fb-b3f78ea86525"")]"
Duplicate,325.87823237260716,0eff0e00-e2f3-11ed-25ff-6dc027e7a7c9,"Base.UUID[UUID(""0efcc410-e2f3-11ed-14fb-b3f78ea86525"")]"
Death,326.0226973795806,0ed3df50-e2f3-11ed-2211-e360c6a1a1b0,UndefInitializer()
Duplicate,330.50678255815643,0eff0e00-e2f3-11ed-0b0f-51d2ec2f7b8f,"Base.UUID[UUID(""0efe4ab0-e2f3-11ed-0587-a5451839eb4e"")]"
Duplicate,330.50678255815643,0eff0e00-e2f3-11ed-3fcc-cd870653b096,"Base.UUID[UUID(""0efe4ab0-e2f3-11ed-0587-a5451839eb4e"")]"
Duplicate,337.2089331956957,0eff3510-e2f3-11ed-15fd-13de4360dffc,"Base.UUID[UUID(""0eff0e00-e2f3-11ed-0b0f-51d2ec2f7b8f"")]"
Duplicate,337.2089331956957,0eff3510-e2f3-11ed-0f99-c38269efa524,"Base.UUID[UUID(""0eff0e00-e2f3-11ed-0b0f-51d2ec2f7b8f"")]"
Duplicate,338.68436388108734,0eff3510-e2f3-11ed-03f0-13e61b23f7e1,"Base.UUID[UUID(""0eff0e00-e2f3-11ed-25ff-6dc027e7a7c9"")]"
Duplicate,338.68436388108734,0eff3510-e2f3-11ed-2e63-cb805de71f66,"Base.UUID[UUID(""0eff0e00-e2f3-11ed-25ff-6dc027e7a7c9"")]"
Duplicate,338.7147121693691,0eff3510-e2f3-11ed-1846-6bbe38b3bbb2,"Base.UUID[UUID(""0efebfe0-e2f3-11ed-333a-4d37510a8bea"")]"
Duplicate,338.7147121693691,0eff3510-e2f3-11ed-136a-fb5d220f7a6b,"Base.UUID[UUID(""0efebfe0-e2f3-11ed-333a-4d37510a8bea"")]"
Duplicate,346.51998510449187,0eff5c20-e2f3-11ed-0f4a-75c1ec2d1b5e,"Base.UUID[UUID(""0eff3510-e2f3-11ed-1846-6bbe38b3bbb2"")]"
Duplicate,346.51998510449187,0eff5c20-e2f3-11ed-089a-ef072a67f4ea,"Base.UUID[UUID(""0eff3510-e2f3-11ed-1846-6bbe38b3bbb2"")]"
Death,351.12636330599776,0eff5c20-e2f3-11ed-0f4a-75c1ec2d1b5e,UndefInitializer()
Duplicate,353.2375566726952,0eff8330-e2f3-11ed-0437-1f745d1516f0,"Base.UUID[UUID(""0eff3510-e2f3-11ed-136a-fb5d220f7a6b"")]"
Duplicate,353.2375566726952,0eff8330-e2f3-11ed-0211-c1d714d52e5e,"Base.UUID[UUID(""0eff3510-e2f3-11ed-136a-fb5d220f7a6b"")]"
Death,354.29984887636294,0eff8330-e2f3-11ed-0211-c1d714d52e5e,UndefInitializer()
Duplicate,356.69689892346406,0eff8330-e2f3-11ed-1581-138e29fde89b,"Base.UUID[UUID(""0eff5c20-e2f3-11ed-089a-ef072a67f4ea"")]"
Duplicate,356.69689892346406,0eff8330-e2f3-11ed-1fd7-9de46bd6289c,"Base.UUID[UUID(""0eff5c20-e2f3-11ed-089a-ef072a67f4ea"")]"
Death,370.3862386571531,0eff3510-e2f3-11ed-15fd-13de4360dffc,UndefInitializer()
Duplicate,370.3886245176574,0effaa42-e2f3-11ed-08c9-f9986b1b3bee,"Base.UUID[UUID(""0eff8330-e2f3-11ed-0437-1f745d1516f0"")]"
Duplicate,370.3886245176574,0effaa42-e2f3-11ed-1ccc-f3ad4609dfdf,"Base.UUID[UUID(""0eff8330-e2f3-11ed-0437-1f745d1516f0"")]"
Death,370.7566679829261,0eff0e00-e2f3-11ed-0965-15a2b61e989e,UndefInitializer()
Death,377.04149409455755,0effaa42-e2f3-11ed-08c9-f9986b1b3bee,UndefInitializer()
Death,383.053064585648,0eff3510-e2f3-11ed-2e63-cb805de71f66,UndefInitializer()
Duplicate,384.11203021251765,0effd150-e2f3-11ed-0933-85eecd165362,"Base.UUID[UUID(""0eff3510-e2f3-11ed-03f0-13e61b23f7e1"")]"
Duplicate,384.11203021251765,0effd150-e2f3-11ed-0a79-69c4bf729448,"Base.UUID[UUID(""0eff3510-e2f3-11ed-03f0-13e61b23f7e1"")]"
Duplicate,384.1755971510923,0efff860-e2f3-11ed-1b09-074b73152992,"Base.UUID[UUID(""0effd150-e2f3-11ed-0933-85eecd165362"")]"
Duplicate,384.1755971510923,0efff860-e2f3-11ed-388c-df2b08cd96eb,"Base.UUID[UUID(""0effd150-e2f3-11ed-0933-85eecd165362"")]"
Death,393.9451001498015,0eff3510-e2f3-11ed-0f99-c38269efa524,UndefInitializer()
Death,408.964338930077,0efff860-e2f3-11ed-1b09-074b73152992,UndefInitializer()
Duplicate,409.29360760115395,0f001f6e-e2f3-11ed-3c9c-2bbf8365b14c,"Base.UUID[UUID(""0eff8330-e2f3-11ed-1fd7-9de46bd6289c"")]"
Duplicate,409.29360760115395,0f001f6e-e2f3-11ed-15e0-390a1c7f7b9c,"Base.UUID[UUID(""0eff8330-e2f3-11ed-1fd7-9de46bd6289c"")]"
Duplicate,410.952642078599,0f001f6e-e2f3-11ed-0075-7fde4f90358b,"Base.UUID[UUID(""0f001f6e-e2f3-11ed-3c9c-2bbf8365b14c"")]"
Duplicate,410.952642078599,0f001f6e-e2f3-11ed-2dc9-17aa6d9eda0e,"Base.UUID[UUID(""0f001f6e-e2f3-11ed-3c9c-2bbf8365b14c"")]"
Death,417.7164720793983,0effd150-e2f3-11ed-0a79-69c4bf729448,UndefInitializer()
Duplicate,418.4502458928713,0f004680-e2f3-11ed-15ec-09ee58bfb4c1,"Base.UUID[UUID(""0f001f6e-e2f3-11ed-15e0-390a1c7f7b9c"")]"
Duplicate,418.4502458928713,0f004680-e2f3-11ed-3bbc-2d0b1e143386,"Base.UUID[UUID(""0f001f6e-e2f3-11ed-15e0-390a1c7f7b9c"")]"
Death,425.07744543242865,0efff860-e2f3-11ed-388c-df2b08cd96eb,UndefInitializer()
Death,429.1634196883416,0f004680-e2f3-11ed-15ec-09ee58bfb4c1,UndefInitializer()
Duplicate,432.00307827054456,0f006d90-e2f3-11ed-1e36-a7947f2ac0b3,"Base.UUID[UUID(""0effaa42-e2f3-11ed-1ccc-f3ad4609dfdf"")]"
Duplicate,432.00307827054456,0f006d90-e2f3-11ed-2405-056f64e469d9,"Base.UUID[UUID(""0effaa42-e2f3-11ed-1ccc-f3ad4609dfdf"")]"
Duplicate,432.4384120272295,0f006d90-e2f3-11ed-050b-0f62e41d59b9,"Base.UUID[UUID(""0f004680-e2f3-11ed-3bbc-2d0b1e143386"")]"
Duplicate,432.4384120272295,0f006d90-e2f3-11ed-2c27-fd5db44fd840,"Base.UUID[UUID(""0f004680-e2f3-11ed-3bbc-2d0b1e143386"")]"
Duplicate,444.2267359817972,0f00bbb0-e2f3-11ed-2082-cbeff94c0b59,"Base.UUID[UUID(""0f006d90-e2f3-11ed-2c27-fd5db44fd840"")]"
Duplicate,444.2267359817972,0f00bbb0-e2f3-11ed-2212-67c0d0380e1c,"Base.UUID[UUID(""0f006d90-e2f3-11ed-2c27-fd5db44fd840"")]"
Death,449.3114593972581,0efe4ab0-e2f3-11ed-0a41-076968506953,UndefInitializer()
Duplicate,453.36267613016963,0f00e2c0-e2f3-11ed-18dd-b586a2b17e4f,"Base.UUID[UUID(""0f006d90-e2f3-11ed-1e36-a7947f2ac0b3"")]"
Duplicate,453.36267613016963,0f00e2c0-e2f3-11ed-010e-b7b7990d5431,"Base.UUID[UUID(""0f006d90-e2f3-11ed-1e36-a7947f2ac0b3"")]"
Death,456.5894685370892,0f006d90-e2f3-11ed-050b-0f62e41d59b9,UndefInitializer()
Death,480.8179072124568,0f00bbb0-e2f3-11ed-2212-67c0d0380e1c,UndefInitializer()
Duplicate,487.2059997241206,0f0130e0-e2f3-11ed-3e79-474be35d51e4,"Base.UUID[UUID(""0f00bbb0-e2f3-11ed-2082-cbeff94c0b59"")]"
Duplicate,487.2059997241206,0f0130e0-e2f3-11ed-0013-c1eb44236902,"Base.UUID[UUID(""0f00bbb0-e2f3-11ed-2082-cbeff94c0b59"")]"
Death,488.1474572484661,0f001f6e-e2f3-11ed-0075-7fde4f90358b,UndefInitializer()
Duplicate,488.6059932013357,0f0130e0-e2f3-11ed-1bc3-0b61af239c53,"Base.UUID[UUID(""0f0130e0-e2f3-11ed-3e79-474be35d51e4"")]"
Duplicate,488.6059932013357,0f0130e0-e2f3-11ed-1f1f-7b8a5bd1675f,"Base.UUID[UUID(""0f0130e0-e2f3-11ed-3e79-474be35d51e4"")]"
Duplicate,491.8982941614933,0f0130e0-e2f3-11ed-1fec-cf3fc7acac36,"Base.UUID[UUID(""0eff8330-e2f3-11ed-1581-138e29fde89b"")]"
Duplicate,491.8982941614933,0f0130e0-e2f3-11ed-0481-977f75a227c6,"Base.UUID[UUID(""0eff8330-e2f3-11ed-1581-138e29fde89b"")]"
Death,496.5672789623238,0f0130e0-e2f3-11ed-0013-c1eb44236902,UndefInitializer()
Duplicate,501.40704223553433,0f0157f0-e2f3-11ed-113f-b77a1018477c,"Base.UUID[UUID(""0f0130e0-e2f3-11ed-1bc3-0b61af239c53"")]"
Duplicate,501.40704223553433,0f0157f0-e2f3-11ed-316b-c54f25637753,"Base.UUID[UUID(""0f0130e0-e2f3-11ed-1bc3-0b61af239c53"")]"
Death,521.0207986809236,0f0130e0-e2f3-11ed-1fec-cf3fc7acac36,UndefInitializer()
Duplicate,530.3585128565898,0f01a612-e2f3-11ed-2efd-030c39ed9488,"Base.UUID[UUID(""0f0130e0-e2f3-11ed-0481-977f75a227c6"")]"
Duplicate,530.3585128565898,0f01a612-e2f3-11ed-36c4-43f9a058f763,"Base.UUID[UUID(""0f0130e0-e2f3-11ed-0481-977f75a227c6"")]"
Death,534.049333482254,0f00e2c0-e2f3-11ed-18dd-b586a2b17e4f,UndefInitializer()
Duplicate,535.4054169429855,0f01cd20-e2f3-11ed-070f-51e215b06ead,"Base.UUID[UUID(""0f006d90-e2f3-11ed-2405-056f64e469d9"")]"
Duplicate,535.4054169429855,0f01cd20-e2f3-11ed-121f-03c8bdda1d0f,"Base.UUID[UUID(""0f006d90-e2f3-11ed-2405-056f64e469d9"")]"
Death,548.3221698268039,0f01cd20-e2f3-11ed-070f-51e215b06ead,UndefInitializer()
Duplicate,554.5333063311032,0f021b3e-e2f3-11ed-2722-0b17c9a03338,"Base.UUID[UUID(""0f01cd20-e2f3-11ed-121f-03c8bdda1d0f"")]"
Duplicate,554.5333063311032,0f021b3e-e2f3-11ed-2776-6d9c2b6789ae,"Base.UUID[UUID(""0f01cd20-e2f3-11ed-121f-03c8bdda1d0f"")]"
Death,563.2754028903964,0f0130e0-e2f3-11ed-1f1f-7b8a5bd1675f,UndefInitializer()
Death,564.9883986192674,0f0157f0-e2f3-11ed-316b-c54f25637753,UndefInitializer()
Duplicate,566.231399274818,0f024250-e2f3-11ed-2e64-2b745acad2cd,"Base.UUID[UUID(""0f0157f0-e2f3-11ed-113f-b77a1018477c"")]"
Duplicate,566.231399274818,0f024250-e2f3-11ed-3fd3-a7c8f2e72163,"Base.UUID[UUID(""0f0157f0-e2f3-11ed-113f-b77a1018477c"")]"
Death,566.6117085075306,0f021b3e-e2f3-11ed-2722-0b17c9a03338,UndefInitializer()
Duplicate,566.9592860651236,0f026960-e2f3-11ed-03fe-7fda4cbfde3a,"Base.UUID[UUID(""0f021b3e-e2f3-11ed-2776-6d9c2b6789ae"")]"
Duplicate,566.9592860651236,0f026960-e2f3-11ed-251c-4d2919fae1dc,"Base.UUID[UUID(""0f021b3e-e2f3-11ed-2776-6d9c2b6789ae"")]"
Duplicate,568.7696806607014,0f026960-e2f3-11ed-1fd4-13e8ccbbdefd,"Base.UUID[UUID(""0f024250-e2f3-11ed-2e64-2b745acad2cd"")]"
Duplicate,568.7696806607014,0f026960-e2f3-11ed-3744-254f2538775c,"Base.UUID[UUID(""0f024250-e2f3-11ed-2e64-2b745acad2cd"")]"
Death,587.7620061029119,0f01a612-e2f3-11ed-2efd-030c39ed9488,UndefInitializer()
Duplicate,588.5399327369857,0f029070-e2f3-11ed-31ef-b5a65e667210,"Base.UUID[UUID(""0f01a612-e2f3-11ed-36c4-43f9a058f763"")]"
Duplicate,588.5399327369857,0f029070-e2f3-11ed-0261-312814b8b84b,"Base.UUID[UUID(""0f01a612-e2f3-11ed-36c4-43f9a058f763"")]"
Death,606.0047394282104,0f026960-e2f3-11ed-251c-4d2919fae1dc,UndefInitializer()
Duplicate,606.3431556219796,0f02de90-e2f3-11ed-123c-7b8781a2f839,"Base.UUID[UUID(""0f026960-e2f3-11ed-03fe-7fda4cbfde3a"")]"
Duplicate,606.3431556219796,0f02de90-e2f3-11ed-385a-e11bd5a7866b,"Base.UUID[UUID(""0f026960-e2f3-11ed-03fe-7fda4cbfde3a"")]"
Death,607.9228777832806,0eff0e00-e2f3-11ed-3fcc-cd870653b096,UndefInitializer()
Death,623.9812076465815,0f026960-e2f3-11ed-1fd4-13e8ccbbdefd,UndefInitializer()
Duplicate,624.3049323739044,0f0305a0-e2f3-11ed-1f23-8da0eb5476d4,"Base.UUID[UUID(""0f024250-e2f3-11ed-3fd3-a7c8f2e72163"")]"
Duplicate,624.3049323739044,0f0305a0-e2f3-11ed-32b7-5fd876981c85,"Base.UUID[UUID(""0f024250-e2f3-11ed-3fd3-a7c8f2e72163"")]"
Death,625.7725224313443,0f00e2c0-e2f3-11ed-010e-b7b7990d5431,UndefInitializer()
Death,635.9920462534714,0f026960-e2f3-11ed-3744-254f2538775c,UndefInitializer()
Duplicate,637.1515622783429,0f032cb2-e2f3-11ed-3d3c-295075b8157e,"Base.UUID[UUID(""0f02de90-e2f3-11ed-385a-e11bd5a7866b"")]"
Duplicate,637.1515622783429,0f032cb2-e2f3-11ed-12d6-5b975079bb20,"Base.UUID[UUID(""0f02de90-e2f3-11ed-385a-e11bd5a7866b"")]"
Death,642.25827477948,0f001f6e-e2f3-11ed-2dc9-17aa6d9eda0e,UndefInitializer()
Duplicate,647.6182119846461,0f0353c0-e2f3-11ed-1ab7-d3fccd1c7ce8,"Base.UUID[UUID(""0f0305a0-e2f3-11ed-32b7-5fd876981c85"")]"
Duplicate,647.6182119846461,0f0353c0-e2f3-11ed-24e4-3b4c2ff3c1e1,"Base.UUID[UUID(""0f0305a0-e2f3-11ed-32b7-5fd876981c85"")]"
Death,648.0599098156217,0f032cb2-e2f3-11ed-12d6-5b975079bb20,UndefInitializer()
Duplicate,648.5115717060874,0f0353c0-e2f3-11ed-3f7b-afeabd8216ab,"Base.UUID[UUID(""0f032cb2-e2f3-11ed-3d3c-295075b8157e"")]"
Duplicate,648.5115717060874,0f0353c0-e2f3-11ed-2e9f-c1cf0b62a0e4,"Base.UUID[UUID(""0f032cb2-e2f3-11ed-3d3c-295075b8157e"")]"
Duplicate,649.9922081272342,0f037ad0-e2f3-11ed-31d6-d720b64f1758,"Base.UUID[UUID(""0f029070-e2f3-11ed-0261-312814b8b84b"")]"
Duplicate,649.9922081272342,0f037ad0-e2f3-11ed-237e-07782fe5280b,"Base.UUID[UUID(""0f029070-e2f3-11ed-0261-312814b8b84b"")]"
Death,654.3387396351072,0f0353c0-e2f3-11ed-1ab7-d3fccd1c7ce8,UndefInitializer()
Duplicate,655.3309314535912,0f037ad0-e2f3-11ed-05e4-eb686a3e36c3,"Base.UUID[UUID(""0f037ad0-e2f3-11ed-31d6-d720b64f1758"")]"
Duplicate,655.3309314535912,0f037ad0-e2f3-11ed-198b-8b44af1c9a7e,"Base.UUID[UUID(""0f037ad0-e2f3-11ed-31d6-d720b64f1758"")]"
Death,661.2460625676403,0f037ad0-e2f3-11ed-237e-07782fe5280b,UndefInitializer()
Duplicate,664.6894033548634,0f03a1de-e2f3-11ed-3989-ffd825c96a06,"Base.UUID[UUID(""0f0353c0-e2f3-11ed-3f7b-afeabd8216ab"")]"
Duplicate,664.6894033548634,0f03a1de-e2f3-11ed-2dd5-1f6212aac1e4,"Base.UUID[UUID(""0f0353c0-e2f3-11ed-3f7b-afeabd8216ab"")]"
Death,678.1409985431653,0f03a1de-e2f3-11ed-3989-ffd825c96a06,UndefInitializer()
Migration,678.3980202057553,0f02de90-e2f3-11ed-123c-7b8781a2f839,UndefInitializer()
Duplicate,680.594608335424,0f03c8f0-e2f3-11ed-24a4-0ddb30fbeb57,"Base.UUID[UUID(""0f02de90-e2f3-11ed-123c-7b8781a2f839"")]"
Duplicate,680.594608335424,0f03c8f0-e2f3-11ed-1eca-d30df83fb2f2,"Base.UUID[UUID(""0f02de90-e2f3-11ed-123c-7b8781a2f839"")]"
Duplicate,684.0523191400486,0f03f000-e2f3-11ed-0b4c-e9c64e19b2e1,"Base.UUID[UUID(""0f03c8f0-e2f3-11ed-24a4-0ddb30fbeb57"")]"
Duplicate,684.0523191400486,0f03f000-e2f3-11ed-27a3-7d2824f2f46f,"Base.UUID[UUID(""0f03c8f0-e2f3-11ed-24a4-0ddb30fbeb57"")]"
Death,684.6854863978418,0f03f000-e2f3-11ed-0b4c-e9c64e19b2e1,UndefInitializer()
Duplicate,685.3760262506354,0f03f000-e2f3-11ed-2c2a-d9a59ef1f9d3,"Base.UUID[UUID(""0f03c8f0-e2f3-11ed-1eca-d30df83fb2f2"")]"
Duplicate,685.3760262506354,0f03f000-e2f3-11ed-2351-8798251b25fc,"Base.UUID[UUID(""0f03c8f0-e2f3-11ed-1eca-d30df83fb2f2"")]"
Death,696.1143997582077,0f03f000-e2f3-11ed-27a3-7d2824f2f46f,UndefInitializer()
Duplicate,697.1554811347536,0f041710-e2f3-11ed-278a-c5227d3d336d,"Base.UUID[UUID(""0f03f000-e2f3-11ed-2351-8798251b25fc"")]"
Duplicate,697.1554811347536,0f041710-e2f3-11ed-055b-d15abe91d434,"Base.UUID[UUID(""0f03f000-e2f3-11ed-2351-8798251b25fc"")]"
Death,713.0856992696328,0f041710-e2f3-11ed-278a-c5227d3d336d,UndefInitializer()
Death,713.5041332239792,0f03f000-e2f3-11ed-2c2a-d9a59ef1f9d3,UndefInitializer()
Death,713.5940341057501,0f041710-e2f3-11ed-055b-d15abe91d434,UndefInitializer()
Duplicate,715.8397861011541,0f046530-e2f3-11ed-33e4-0d6ffb497388,"Base.UUID[UUID(""0f03a1de-e2f3-11ed-2dd5-1f6212aac1e4"")]"
Duplicate,715.8397861011541,0f046530-e2f3-11ed-0c87-11360ed6a88c,"Base.UUID[UUID(""0f03a1de-e2f3-11ed-2dd5-1f6212aac1e4"")]"
Duplicate,716.7056777831274,0f046530-e2f3-11ed-0f12-291a47147ecf,"Base.UUID[UUID(""0f046530-e2f3-11ed-0c87-11360ed6a88c"")]"
Duplicate,716.7056777831274,0f046530-e2f3-11ed-126b-e7255a7ff99e,"Base.UUID[UUID(""0f046530-e2f3-11ed-0c87-11360ed6a88c"")]"
Duplicate,717.5591554626,0f048c40-e2f3-11ed-2260-ff9596a0571e,"Base.UUID[UUID(""0f046530-e2f3-11ed-0f12-291a47147ecf"")]"
Duplicate,717.5591554626,0f048c40-e2f3-11ed-1f2e-73ac7d6151fa,"Base.UUID[UUID(""0f046530-e2f3-11ed-0f12-291a47147ecf"")]"
Death,721.0259838753792,0f029070-e2f3-11ed-31ef-b5a65e667210,UndefInitializer()
Death,721.3514143049294,0f046530-e2f3-11ed-126b-e7255a7ff99e,UndefInitializer()
Death,722.9140989581028,0f037ad0-e2f3-11ed-198b-8b44af1c9a7e,UndefInitializer()
Duplicate,723.0836619028024,0f04b350-e2f3-11ed-17c3-397f495b70e0,"Base.UUID[UUID(""0f0305a0-e2f3-11ed-1f23-8da0eb5476d4"")]"
Duplicate,723.0836619028024,0f04b350-e2f3-11ed-2a9e-cd051cc535e7,"Base.UUID[UUID(""0f0305a0-e2f3-11ed-1f23-8da0eb5476d4"")]"
Death,725.0408477752466,0f037ad0-e2f3-11ed-05e4-eb686a3e36c3,UndefInitializer()
Duplicate,726.9306242078816,0f04b350-e2f3-11ed-3638-936e64a35e51,"Base.UUID[UUID(""0f048c40-e2f3-11ed-2260-ff9596a0571e"")]"
Duplicate,726.9306242078816,0f04b350-e2f3-11ed-2ec9-fd9b8db70943,"Base.UUID[UUID(""0f048c40-e2f3-11ed-2260-ff9596a0571e"")]"
Duplicate,728.5268452619732,0f04b350-e2f3-11ed-272e-ffc3c15dd2f0,"Base.UUID[UUID(""0f04b350-e2f3-11ed-2a9e-cd051cc535e7"")]"
Duplicate,728.5268452619732,0f04b350-e2f3-11ed-1aa6-5dd1dac295d1,"Base.UUID[UUID(""0f04b350-e2f3-11ed-2a9e-cd051cc535e7"")]"
Death,749.7062854495406,0f04b350-e2f3-11ed-1aa6-5dd1dac295d1,UndefInitializer()
Death,750.4448567084445,0f04b350-e2f3-11ed-2ec9-fd9b8db70943,UndefInitializer()
Duplicate,750.6611787719188,0f050170-e2f3-11ed-1779-53e9d51f14c4,"Base.UUID[UUID(""0f04b350-e2f3-11ed-272e-ffc3c15dd2f0"")]"
Duplicate,750.6611787719188,0f050170-e2f3-11ed-0938-53bfd2c983a5,"Base.UUID[UUID(""0f04b350-e2f3-11ed-272e-ffc3c15dd2f0"")]"
Duplicate,752.1855311623076,0f050170-e2f3-11ed-3006-e7481e02f443,"Base.UUID[UUID(""0f050170-e2f3-11ed-0938-53bfd2c983a5"")]"
Duplicate,752.1855311623076,0f050170-e2f3-11ed-1f17-7d14a675d237,"Base.UUID[UUID(""0f050170-e2f3-11ed-0938-53bfd2c983a5"")]"
Death,754.8170315479928,0f050170-e2f3-11ed-1f17-7d14a675d237,UndefInitializer()
Duplicate,763.8241518034229,0f052882-e2f3-11ed-29d5-118a1f68088d,"Base.UUID[UUID(""0f050170-e2f3-11ed-3006-e7481e02f443"")]"
Duplicate,763.8241518034229,0f052882-e2f3-11ed-1182-5b37b8955dd3,"Base.UUID[UUID(""0f050170-e2f3-11ed-3006-e7481e02f443"")]"
Death,768.2908001218075,0f048c40-e2f3-11ed-1f2e-73ac7d6151fa,UndefInitializer()
Duplicate,774.4246584892377,0f054f90-e2f3-11ed-2941-7779264b8eaa,"Base.UUID[UUID(""0f052882-e2f3-11ed-29d5-118a1f68088d"")]"
Duplicate,774.4246584892377,0f054f90-e2f3-11ed-3c78-99ecf146e702,"Base.UUID[UUID(""0f052882-e2f3-11ed-29d5-118a1f68088d"")]"
Death,794.9297211909299,0f054f90-e2f3-11ed-3c78-99ecf146e702,UndefInitializer()
Death,802.7488531428079,0f04b350-e2f3-11ed-17c3-397f495b70e0,UndefInitializer()
Duplicate,809.1537533545084,0f059dae-e2f3-11ed-2112-437a681321cb,"Base.UUID[UUID(""0f054f90-e2f3-11ed-2941-7779264b8eaa"")]"
Duplicate,809.1537533545084,0f059dae-e2f3-11ed-0461-d786e05aeba9,"Base.UUID[UUID(""0f054f90-e2f3-11ed-2941-7779264b8eaa"")]"
Duplicate,816.1820765650419,0f059dae-e2f3-11ed-0db1-add3d6e05417,"Base.UUID[UUID(""0f050170-e2f3-11ed-1779-53e9d51f14c4"")]"
Duplicate,816.1820765650419,0f059dae-e2f3-11ed-2539-e7c1d2a281bf,"Base.UUID[UUID(""0f050170-e2f3-11ed-1779-53e9d51f14c4"")]"
Death,822.9138352618105,0f059dae-e2f3-11ed-2539-e7c1d2a281bf,UndefInitializer()
Duplicate,827.7926177249394,0f05c4c0-e2f3-11ed-1307-e709e0db1157,"Base.UUID[UUID(""0f04b350-e2f3-11ed-3638-936e64a35e51"")]"
Duplicate,827.7926177249394,0f05c4c0-e2f3-11ed-3914-b324f6894f29,"Base.UUID[UUID(""0f04b350-e2f3-11ed-3638-936e64a35e51"")]"
Death,831.9501794278954,0f05c4c0-e2f3-11ed-3914-b324f6894f29,UndefInitializer()
Duplicate,834.8183869438853,0f05ebd0-e2f3-11ed-1ca8-a7861a2fc748,"Base.UUID[UUID(""0f059dae-e2f3-11ed-0db1-add3d6e05417"")]"
Duplicate,834.8183869438853,0f05ebd0-e2f3-11ed-2337-3fa1ae1e38db,"Base.UUID[UUID(""0f059dae-e2f3-11ed-0db1-add3d6e05417"")]"
Death,844.1809740079082,0f0353c0-e2f3-11ed-24e4-3b4c2ff3c1e1,UndefInitializer()
Death,849.1559488526299,0f05ebd0-e2f3-11ed-1ca8-a7861a2fc748,UndefInitializer()
Duplicate,852.3515457496907,0f0612e0-e2f3-11ed-292d-8ba1dc276725,"Base.UUID[UUID(""0f059dae-e2f3-11ed-2112-437a681321cb"")]"
Duplicate,852.3515457496907,0f0612e0-e2f3-11ed-367e-c3622e296d10,"Base.UUID[UUID(""0f059dae-e2f3-11ed-2112-437a681321cb"")]"
Death,858.1273631433303,0f059dae-e2f3-11ed-0461-d786e05aeba9,UndefInitializer()
Death,860.4463635683255,0f0612e0-e2f3-11ed-292d-8ba1dc276725,UndefInitializer()
Duplicate,861.3900053477496,0f0639f0-e2f3-11ed-30fe-a37b0ae2dbb4,"Base.UUID[UUID(""0f0612e0-e2f3-11ed-367e-c3622e296d10"")]"
Duplicate,861.3900053477496,0f0639f0-e2f3-11ed-001f-3fd56f59fcd3,"Base.UUID[UUID(""0f0612e0-e2f3-11ed-367e-c3622e296d10"")]"
Duplicate,861.5271876623552,0f066100-e2f3-11ed-2a81-25ad2cb420d7,"Base.UUID[UUID(""0f05c4c0-e2f3-11ed-1307-e709e0db1157"")]"
Duplicate,861.5271876623552,0f066100-e2f3-11ed-0d49-9d9200ab364d,"Base.UUID[UUID(""0f05c4c0-e2f3-11ed-1307-e709e0db1157"")]"
Duplicate,862.4113267240211,0f066100-e2f3-11ed-06b4-e110f66dd93c,"Base.UUID[UUID(""0f0639f0-e2f3-11ed-30fe-a37b0ae2dbb4"")]"
Duplicate,862.4113267240211,0f066100-e2f3-11ed-0c92-dbbd6cbced44,"Base.UUID[UUID(""0f0639f0-e2f3-11ed-30fe-a37b0ae2dbb4"")]"
Duplicate,868.540867219761,0f068810-e2f3-11ed-0a33-cd310fd6c2cb,"Base.UUID[UUID(""0f0639f0-e2f3-11ed-001f-3fd56f59fcd3"")]"
Duplicate,868.540867219761,0f068810-e2f3-11ed-2f6b-29a9e7c26e46,"Base.UUID[UUID(""0f0639f0-e2f3-11ed-001f-3fd56f59fcd3"")]"
Death,873.9582045152162,0f066100-e2f3-11ed-0d49-9d9200ab364d,UndefInitializer()
Death,874.2563670106897,0f066100-e2f3-11ed-06b4-e110f66dd93c,UndefInitializer()
Duplicate,881.5638311113908,0f06af22-e2f3-11ed-3ad6-d10643e23083,"Base.UUID[UUID(""0f066100-e2f3-11ed-0c92-dbbd6cbced44"")]"
Duplicate,881.5638311113908,0f06af22-e2f3-11ed-32a3-055121c74825,"Base.UUID[UUID(""0f066100-e2f3-11ed-0c92-dbbd6cbced44"")]"
Death,885.9203405706971,0f046530-e2f3-11ed-33e4-0d6ffb497388,UndefInitializer()
Death,888.5676836883387,0f06af22-e2f3-11ed-3ad6-d10643e23083,UndefInitializer()
Duplicate,897.4072722946014,0f06d630-e2f3-11ed-0d26-e5bff3e74050,"Base.UUID[UUID(""0f06af22-e2f3-11ed-32a3-055121c74825"")]"
Duplicate,897.4072722946014,0f06d630-e2f3-11ed-2545-ab623a117f48,"Base.UUID[UUID(""0f06af22-e2f3-11ed-32a3-055121c74825"")]"
Death,901.5468077208676,0f05ebd0-e2f3-11ed-2337-3fa1ae1e38db,UndefInitializer()
Death,908.3529777129021,0f068810-e2f3-11ed-0a33-cd310fd6c2cb,UndefInitializer()
Duplicate,908.7531246978108,0f06d630-e2f3-11ed-2731-213f3597db6f,"Base.UUID[UUID(""0f066100-e2f3-11ed-2a81-25ad2cb420d7"")]"
Duplicate,908.7531246978108,0f06d630-e2f3-11ed-3762-a90a6e051933,"Base.UUID[UUID(""0f066100-e2f3-11ed-2a81-25ad2cb420d7"")]"
Duplicate,909.0638281600317,0f06fd40-e2f3-11ed-0d50-8529239f8db9,"Base.UUID[UUID(""0f06d630-e2f3-11ed-2731-213f3597db6f"")]"
Duplicate,909.0638281600317,0f06fd40-e2f3-11ed-14bb-2f077f0b4fe7,"Base.UUID[UUID(""0f06d630-e2f3-11ed-2731-213f3597db6f"")]"
Death,912.1157552209223,0f052882-e2f3-11ed-1182-5b37b8955dd3,UndefInitializer()
Duplicate,913.6259856338568,0f06fd40-e2f3-11ed-2417-ab27d081b863,"Base.UUID[UUID(""0f068810-e2f3-11ed-2f6b-29a9e7c26e46"")]"
Duplicate,913.6259856338568,0f06fd40-e2f3-11ed-07f9-51a9be18af1a,"Base.UUID[UUID(""0f068810-e2f3-11ed-2f6b-29a9e7c26e46"")]"
Duplicate,932.8836408694604,0f07244e-e2f3-11ed-2c41-690984c116ca,"Base.UUID[UUID(""0f06fd40-e2f3-11ed-0d50-8529239f8db9"")]"
Duplicate,932.8836408694604,0f07244e-e2f3-11ed-211d-775f29d7fa01,"Base.UUID[UUID(""0f06fd40-e2f3-11ed-0d50-8529239f8db9"")]"
Death,939.3278791705046,0f06d630-e2f3-11ed-2545-ab623a117f48,UndefInitializer()
Duplicate,947.0334125740985,0f074b60-e2f3-11ed-2356-f7ef65d02839,"Base.UUID[UUID(""0f06d630-e2f3-11ed-0d26-e5bff3e74050"")]"
Duplicate,947.0334125740985,0f074b60-e2f3-11ed-19a8-39f3fa9de235,"Base.UUID[UUID(""0f06d630-e2f3-11ed-0d26-e5bff3e74050"")]"
Death,954.8177715607083,0f0353c0-e2f3-11ed-2e9f-c1cf0b62a0e4,UndefInitializer()
Duplicate,957.0502244320921,0f077270-e2f3-11ed-3a9f-3b0ae9296476,"Base.UUID[UUID(""0f074b60-e2f3-11ed-2356-f7ef65d02839"")]"
Duplicate,957.0502244320921,0f077270-e2f3-11ed-2868-71499f80642c,"Base.UUID[UUID(""0f074b60-e2f3-11ed-2356-f7ef65d02839"")]"
Duplicate,960.9533228470427,0f077270-e2f3-11ed-1479-819ddc758407,"Base.UUID[UUID(""0f07244e-e2f3-11ed-2c41-690984c116ca"")]"
Duplicate,960.9533228470427,0f077270-e2f3-11ed-1ab1-434c9ca6bec3,"Base.UUID[UUID(""0f07244e-e2f3-11ed-2c41-690984c116ca"")]"
Death,965.9867218896251,0f07244e-e2f3-11ed-211d-775f29d7fa01,UndefInitializer()
Duplicate,967.925441122415,0f079980-e2f3-11ed-1fb7-4555624c616c,"Base.UUID[UUID(""0f077270-e2f3-11ed-1479-819ddc758407"")]"
Duplicate,967.925441122415,0f079980-e2f3-11ed-0857-3f5351059d2f,"Base.UUID[UUID(""0f077270-e2f3-11ed-1479-819ddc758407"")]"
Death,981.0872483798873,0f079980-e2f3-11ed-0857-3f5351059d2f,UndefInitializer()
Duplicate,986.1591003591395,0f07e7a0-e2f3-11ed-180f-07dbc85f5614,"Base.UUID[UUID(""0f079980-e2f3-11ed-1fb7-4555624c616c"")]"
Duplicate,986.1591003591395,0f07e7a0-e2f3-11ed-2632-65fce0db9971,"Base.UUID[UUID(""0f079980-e2f3-11ed-1fb7-4555624c616c"")]"
Death,991.2584972080396,0f06fd40-e2f3-11ed-14bb-2f077f0b4fe7,UndefInitializer()
Duplicate,993.3907378668529,0f07e7a0-e2f3-11ed-0ce3-b3bd58936f2f,"Base.UUID[UUID(""0f07e7a0-e2f3-11ed-180f-07dbc85f5614"")]"
Duplicate,993.3907378668529,0f07e7a0-e2f3-11ed-145a-4dad5fc09693,"Base.UUID[UUID(""0f07e7a0-e2f3-11ed-180f-07dbc85f5614"")]"
